date,pm10,pm2_5,us_aqi
2026-09-05 00:00:00+08:00,81.0,78.5,110.66667938232422
2026-09-05 01:00:00+08:00,85.0,82.4000015258789,113.22916412353516
2026-09-05 02:00:00+08:00,81.5,79.4000015258789,116.42708587646484
2026-09-05 03:00:00+08:00,74.30000305175781,73.0999984741211,119.20833587646484
2026-09-05 04:00:00+08:00,62.900001525878906,62.20000076293945,121.42708587646484
2026-09-05 05:00:00+08:00,56.20000076293945,55.400001525878906,122.86457824707033
2026-09-05 06:00:00+08:00,51.70000076293945,50.900001525878906,124.10416412353516
2026-09-05 07:00:00+08:00,52.20000076293945,51.20000076293945,125.07292938232422
2026-09-05 08:00:00+08:00,82.0,80.80000305175781,125.96875762939452
2026-09-05 09:00:00+08:00,55.20000076293945,53.400001525878906,131.34376525878906
2026-09-05 10:00:00+08:00,59.09999847412109,56.20000076293945,135.36460876464844
2026-09-05 11:00:00+08:00,77.30000305175781,72.9000015258789,139.67709350585938
2026-09-05 12:00:00+08:00,91.3000030517578,85.69999694824219,145.82293701171875
2026-09-05 13:00:00+08:00,97.5999984741211,91.6999969482422,150.91964721679688
2026-09-05 14:00:00+08:00,120.5999984741211,113.5999984741211,153.13987731933594
2026-09-05 15:00:00+08:00,106.1999969482422,100.0999984741211,155.91964721679688
2026-09-05 16:00:00+08:00,110.5999984741211,104.5,158.18154907226562
2026-09-05 17:00:00+08:00,112.5,106.4000015258789,192.4425811767578
2026-09-05 18:00:00+08:00,121.0999984741211,115.3000030517578,212.19119262695312
2026-09-05 19:00:00+08:00,130.39999389648438,123.9000015258789,220.7840881347656
2026-09-05 20:00:00+08:00,115.9000015258789,108.6999969482422,221.58966064453125
2026-09-05 21:00:00+08:00,122.9000015258789,114.3000030517578,214.40652465820312
2026-09-05 22:00:00+08:00,124.3000030517578,115.0,203.06124877929688
2026-09-05 23:00:00+08:00,129.0,119.1999969482422,171.39666748046875
2026-09-06 00:00:00+08:00,132.1999969482422,122.9000015258789,172.70237731933594
2026-09-06 01:00:00+08:00,133.1999969482422,124.80000305175781,174.02381896972656
2026-09-06 02:00:00+08:00,126.19999694824219,120.0999984741211,175.2857208251953
2026-09-06 03:00:00+08:00,115.9000015258789,112.19999694824219,176.4970245361328
2026-09-06 04:00:00+08:00,105.9000015258789,102.9000015258789,177.6607208251953
2026-09-06 05:00:00+08:00,94.5,91.30000305175781,178.8720245361328
2026-09-06 06:00:00+08:00,85.0,81.0,179.9404754638672
2026-09-06 07:00:00+08:00,76.80000305175781,73.30000305175781,180.8363037109375
2026-09-06 08:00:00+08:00,91.5,87.0999984741211,181.49404907226562
2026-09-06 09:00:00+08:00,79.9000015258789,75.4000015258789,181.6815643310547
2026-09-06 10:00:00+08:00,58.79999923706055,54.900001525878906,182.3363037109375
2026-09-06 11:00:00+08:00,57.599998474121094,55.099998474121094,182.29762268066406
2026-09-06 12:00:00+08:00,54.5,53.599998474121094,181.76785278320312
2026-09-06 13:00:00+08:00,57.5,56.70000076293945,180.8125
2026-09-06 14:00:00+08:00,59.79999923706055,58.900001525878906,179.77084350585938
2026-09-06 15:00:00+08:00,60.099998474121094,59.29999923706055,178.14285278320312
2026-09-06 16:00:00+08:00,58.900001525878906,58.099998474121094,176.92857360839844
2026-09-06 17:00:00+08:00,57.400001525878906,56.599998474121094,204.73953247070312
2026-09-06 18:00:00+08:00,56.79999923706055,56.0,217.96453857421875
2026-09-06 19:00:00+08:00,59.79999923706055,59.0,224.34210205078125
2026-09-06 20:00:00+08:00,88.0,85.9000015258789,223.8050537109375
2026-09-06 21:00:00+08:00,97.5999984741211,95.19999694824219,218.43447875976562
2026-09-06 22:00:00+08:00,102.0,99.19999694824219,210.17724609375
2026-09-06 23:00:00+08:00,106.19999694824219,102.0,198.6607208251953
2026-09-07 00:00:00+08:00,110.0999984741211,104.80000305175781,169.16453552246094
2026-09-07 01:00:00+08:00,111.80000305175781,105.69999694824219,167.6011962890625
2026-09-07 02:00:00+08:00,110.0999984741211,104.5,167.03274536132812
2026-09-07 03:00:00+08:00,105.69999694824219,102.69999694824219,166.56845092773438
2026-09-07 04:00:00+08:00,98.30000305175781,95.9000015258789,166.28570556640625
2026-09-07 05:00:00+08:00,92.0,89.9000015258789,166.07737731933594
2026-09-07 06:00:00+08:00,88.19999694824219,85.9000015258789,166.03570556640625
2026-09-07 07:00:00+08:00,86.4000015258789,84.0999984741211,166.18154907226562
2026-09-07 08:00:00+08:00,89.5999984741211,87.0999984741211,166.5029754638672
2026-09-07 09:00:00+08:00,100.4000015258789,97.30000305175781,166.5029754638672
2026-09-07 10:00:00+08:00,80.80000305175781,72.5999984741211,167.15476989746094
2026-09-07 11:00:00+08:00,76.0999984741211,68.0,167.68154907226562
2026-09-07 12:00:00+08:00,67.0999984741211,61.0,168.0654754638672
2026-09-07 13:00:00+08:00,57.900001525878906,53.70000076293945,168.2857208251953
2026-09-07 14:00:00+08:00,51.900001525878906,49.400001525878906,168.19642639160156
2026-09-07 15:00:00+08:00,50.099998474121094,48.0,167.9136962890625
2026-09-07 16:00:00+08:00,50.5,48.5,167.57737731933594
2026-09-07 17:00:00+08:00,52.0,50.29999923706055,182.39796447753906
2026-09-07 18:00:00+08:00,53.400001525878906,51.79999923706055,204.53814697265625
2026-09-07 19:00:00+08:00,56.79999923706055,55.400001525878906,210.84857177734375
2026-09-07 20:00:00+08:00,80.80000305175781,78.69999694824219,211.3184814453125
2026-09-07 21:00:00+08:00,82.69999694824219,80.5999984741211,205.61224365234375
2026-09-07 22:00:00+08:00,88.9000015258789,87.0999984741211,191.48594665527344
2026-09-07 23:00:00+08:00,105.19999694824219,103.4000015258789,165.86309814453125
2026-09-08 00:00:00+08:00,113.19999694824219,111.5,165.90475463867188
2026-09-08 01:00:00+08:00,107.0999984741211,105.9000015258789,166.10415649414062
2026-09-08 02:00:00+08:00,100.4000015258789,99.19999694824219,166.11012268066406
2026-09-08 03:00:00+08:00,87.0999984741211,85.69999694824219,165.95237731933594
2026-09-08 04:00:00+08:00,77.30000305175781,75.4000015258789,165.44642639160156
2026-09-08 05:00:00+08:00,73.80000305175781,71.69999694824219,164.8363037109375
2026-09-08 06:00:00+08:00,76.4000015258789,74.0,164.2946319580078
2026-09-08 07:00:00+08:00,68.5,66.80000305175781,163.9404754638672
2026-09-08 08:00:00+08:00,76.80000305175781,75.69999694824219,163.4255828857422
2026-09-08 09:00:00+08:00,69.4000015258789,67.5,163.0863037109375
2026-09-08 10:00:00+08:00,68.9000015258789,67.30000305175781,162.19940185546875
2026-09-08 11:00:00+08:00,65.69999694824219,64.5,162.04165649414062
2026-09-08 12:00:00+08:00,67.0999984741211,65.9000015258789,161.9375
2026-09-08 13:00:00+08:00,70.30000305175781,69.4000015258789,162.0833282470703
2026-09-08 14:00:00+08:00,72.5999984741211,71.5,162.55059814453125
2026-09-08 15:00:00+08:00,73.5999984741211,72.19999694824219,163.20834350585938
2026-09-08 16:00:00+08:00,74.30000305175781,73.0999984741211,196.26913452148438
2026-09-08 17:00:00+08:00,75.9000015258789,74.69999694824219,218.63589477539062
2026-09-08 18:00:00+08:00,78.0,76.80000305175781,233.94198608398438
2026-09-08 19:00:00+08:00,91.5,90.30000305175781,239.51397705078125
2026-09-08 20:00:00+08:00,128.10000610351562,127.0999984741211,233.6063232421875
2026-09-08 21:00:00+08:00,160.1999969482422,159.3000030517578,220.58273315429688
2026-09-08 22:00:00+08:00,175.10000610351562,173.6999969482422,203.9339599609375
2026-09-08 23:00:00+08:00,177.39999389648438,175.60000610351562,173.52976989746094
2026-09-09 00:00:00+08:00,151.3000030517578,149.89999389648438,175.67857360839844
2026-09-09 01:00:00+08:00,122.5,121.5,176.82142639160156
2026-09-09 02:00:00+08:00,100.80000305175781,100.4000015258789,177.2857208251953
2026-09-09 03:00:00+08:00,89.19999694824219,88.5,177.32144165039062
2026-09-09 04:00:00+08:00,83.4000015258789,82.9000015258789,177.40475463867188
2026-09-09 05:00:00+08:00,77.80000305175781,77.30000305175781,177.6279754638672
2026-09-09 06:00:00+08:00,74.5,74.0,177.79464721679688
2026-09-09 07:00:00+08:00,73.80000305175781,73.0999984741211,177.79464721679688
2026-09-09 08:00:00+08:00,94.0999984741211,93.4000015258789,177.98214721679688
2026-09-09 09:00:00+08:00,84.80000305175781,83.5999984741211,178.50892639160156
2026-09-09 10:00:00+08:00,64.30000305175781,63.099998474121094,178.98809814453125
2026-09-09 11:00:00+08:00,56.20000076293945,55.20000076293945,178.86309814453125
2026-09-09 12:00:00+08:00,54.5,53.599998474121094,178.58631896972656
2026-09-09 13:00:00+08:00,48.79999923706055,48.099998474121094,178.22024536132812
2026-09-09 14:00:00+08:00,44.099998474121094,43.5,177.58631896972656
2026-09-09 15:00:00+08:00,38.900001525878906,38.29999923706055,176.7529754638672
2026-09-09 16:00:00+08:00,34.5,34.0,175.74404907226562
2026-09-09 17:00:00+08:00,35.29999923706055,34.900001525878906,174.58035278320312
2026-09-09 18:00:00+08:00,41.900001525878906,41.400001525878906,186.06504821777344
2026-09-09 19:00:00+08:00,51.0,50.5,185.10841369628906
2026-09-09 20:00:00+08:00,48.29999923706055,48.20000076293945,171.15774536132812
2026-09-09 21:00:00+08:00,36.20000076293945,36.0,168.8095245361328
2026-09-09 22:00:00+08:00,45.900001525878906,45.79999923706055,165.13987731933594
2026-09-09 23:00:00+08:00,47.599998474121094,47.5,161.3333282470703
2026-09-10 00:00:00+08:00,49.70000076293945,49.599998474121094,157.5208282470703
2026-09-10 01:00:00+08:00,53.79999923706055,53.70000076293945,154.53570556640625
2026-09-10 02:00:00+08:00,47.5,47.400001525878906,152.51785278320312
2026-09-10 03:00:00+08:00,42.79999923706055,42.70000076293945,150.9404754638672
2026-09-10 04:00:00+08:00,42.599998474121094,42.5,148.52084350585938
2026-09-10 05:00:00+08:00,41.20000076293945,41.099998474121094,144.31248474121094
2026-09-10 06:00:00+08:00,38.099998474121094,38.099998474121094,140.54165649414062
2026-09-10 07:00:00+08:00,41.400001525878906,41.29999923706055,136.8020782470703
2026-09-10 08:00:00+08:00,36.099998474121094,36.099998474121094,133.48959350585938
2026-09-10 09:00:00+08:00,56.70000076293945,56.599998474121094,127.52082061767578
2026-09-10 10:00:00+08:00,49.20000076293945,48.900001525878906,124.70832824707031
2026-09-10 11:00:00+08:00,47.599998474121094,47.29999923706055,123.22917175292969
2026-09-10 12:00:00+08:00,51.29999923706055,50.900001525878906,122.40624237060547
2026-09-10 13:00:00+08:00,51.70000076293945,51.0,122.12498474121094
2026-09-10 14:00:00+08:00,45.599998474121094,45.29999923706055,122.42709350585938
2026-09-10 15:00:00+08:00,41.0,40.5,122.61458587646484
2026-09-10 16:00:00+08:00,35.400001525878906,35.0,122.84374237060547
2026-09-10 17:00:00+08:00,34.70000076293945,34.29999923706055,151.9451446533203
2026-09-10 18:00:00+08:00,37.5,37.099998474121094,164.8596954345703
2026-09-10 19:00:00+08:00,46.70000076293945,46.400001525878906,162.3086700439453
2026-09-10 20:00:00+08:00,49.70000076293945,49.5,143.87754821777344
2026-09-10 21:00:00+08:00,54.0,53.79999923706055,122.14582824707031
2026-09-10 22:00:00+08:00,59.79999923706055,59.5,124.00001525878906
2026-09-10 23:00:00+08:00,52.400001525878906,51.900001525878906,125.42709350585938
2026-09-11 00:00:00+08:00,49.79999923706055,49.5,125.88541412353516
2026-09-11 01:00:00+08:00,56.79999923706055,56.5,125.87498474121094
2026-09-11 02:00:00+08:00,57.5,57.29999923706055,126.16665649414062
2026-09-11 03:00:00+08:00,52.20000076293945,52.0,127.19792175292969
2026-09-11 04:00:00+08:00,48.900001525878906,48.79999923706055,128.16665649414062
2026-09-11 05:00:00+08:00,46.400001525878906,46.20000076293945,128.8229217529297
2026-09-11 06:00:00+08:00,46.599998474121094,46.400001525878906,129.3541717529297
2026-09-11 07:00:00+08:00,45.79999923706055,45.79999923706055,130.21875
2026-09-11 08:00:00+08:00,50.5,50.20000076293945,130.68751525878906
2026-09-11 09:00:00+08:00,50.79999923706055,50.400001525878906,132.15625
2026-09-11 10:00:00+08:00,35.400001525878906,35.0,131.5104217529297
2026-09-11 11:00:00+08:00,23.200000762939453,22.899999618530273,130.0625
2026-09-11 12:00:00+08:00,20.600000381469727,20.399999618530273,127.52083587646484
2026-09-11 13:00:00+08:00,20.399999618530273,20.299999237060547,124.34375
2026-09-11 14:00:00+08:00,22.200000762939453,22.100000381469727,121.14584350585938
2026-09-11 15:00:00+08:00,22.600000381469727,22.5,118.72917175292969
2026-09-11 16:00:00+08:00,25.0,24.799999237060547,116.85416412353516
2026-09-11 17:00:00+08:00,28.700000762939453,28.600000381469727,115.79166412353516
2026-09-11 18:00:00+08:00,37.79999923706055,37.70000076293945,115.19792175292969
2026-09-11 19:00:00+08:00,51.900001525878906,51.79999923706055,115.26042175292969
2026-09-11 20:00:00+08:00,46.099998474121094,45.79999923706055,115.82291412353516
2026-09-11 21:00:00+08:00,36.70000076293945,36.599998474121094,115.43749237060547
2026-09-11 22:00:00+08:00,40.70000076293945,40.70000076293945,113.64582824707031
2026-09-11 23:00:00+08:00,30.299999237060547,30.200000762939453,111.68749237060547
2026-09-12 00:00:00+08:00,28.899999618530273,28.899999618530273,109.42708587646484
2026-09-12 01:00:00+08:00,27.399999618530273,27.399999618530273,107.28124237060547
2026-09-12 02:00:00+08:00,12.699999809265137,12.699999809265137,104.25
2026-09-12 03:00:00+08:00,13.0,13.0,99.70126342773438
2026-09-12 04:00:00+08:00,13.0,13.0,96.63522338867188
2026-09-12 05:00:00+08:00,15.399999618530273,15.399999618530273,93.82076263427734
2026-09-12 06:00:00+08:00,14.300000190734863,14.300000190734863,91.39936828613281
2026-09-12 07:00:00+08:00,15.100000381469727,15.100000381469727,88.87579345703125
2026-09-12 08:00:00+08:00,27.200000762939453,27.200000762939453,86.46227264404297
2026-09-12 09:00:00+08:00,35.29999923706055,35.29999923706055,84.65409088134766
2026-09-12 10:00:00+08:00,38.29999923706055,38.20000076293945,83.46697998046875
2026-09-12 11:00:00+08:00,36.29999923706055,36.20000076293945,83.71855926513672
2026-09-12 12:00:00+08:00,37.099998474121094,36.79999923706055,84.76415252685547
2026-09-12 13:00:00+08:00,37.70000076293945,37.5,86.053466796875
2026-09-12 14:00:00+08:00,34.5,34.20000076293945,87.40567016601562
2026-09-12 15:00:00+08:00,34.79999923706055,34.599998474121094,88.35692596435547
2026-09-12 16:00:00+08:00,34.79999923706055,34.599998474121094,89.30818176269531
2026-09-12 17:00:00+08:00,35.70000076293945,35.400001525878906,97.74658203125
2026-09-12 18:00:00+08:00,40.5,40.20000076293945,125.1700668334961
2026-09-12 19:00:00+08:00,53.900001525878906,53.70000076293945,135.3741455078125
2026-09-12 20:00:00+08:00,69.4000015258789,68.9000015258789,125.38263702392578
2026-09-12 21:00:00+08:00,62.900001525878906,62.599998474121094,101.14794921875
2026-09-12 22:00:00+08:00,58.099998474121094,57.900001525878906,94.8191909790039
2026-09-12 23:00:00+08:00,52.5,52.400001525878906,96.17139434814453
2026-09-13 00:00:00+08:00,52.0,51.900001525878906,97.91667175292969
2026-09-13 01:00:00+08:00,48.099998474121094,48.0,99.724853515625
2026-09-13 02:00:00+08:00,42.70000076293945,42.599998474121094,101.78125762939453
2026-09-13 03:00:00+08:00,37.400001525878906,37.29999923706055,104.89584350585938
2026-09-13 04:00:00+08:00,32.20000076293945,32.20000076293945,107.42709350585938
2026-09-13 05:00:00+08:00,28.5,28.399999618530273,109.42709350585938
2026-09-13 06:00:00+08:00,26.299999237060547,26.200000762939453,110.78126525878906
2026-09-13 07:00:00+08:00,27.399999618530273,27.399999618530273,112.0208511352539
2026-09-13 08:00:00+08:00,42.400001525878906,41.900001525878906,113.3021011352539
2026-09-13 09:00:00+08:00,49.099998474121094,48.5,114.83334350585938
2026-09-13 10:00:00+08:00,45.5,43.099998474121094,116.2083511352539
2026-09-13 11:00:00+08:00,41.099998474121094,38.099998474121094,116.71875762939453
2026-09-13 12:00:00+08:00,37.599998474121094,34.79999923706055,116.91667175292969
2026-09-13 13:00:00+08:00,36.79999923706055,34.20000076293945,116.70832824707031
2026-09-13 14:00:00+08:00,36.20000076293945,34.099998474121094,116.36458587646484
2026-09-13 15:00:00+08:00,35.900001525878906,34.099998474121094,116.35415649414062
2026-09-13 16:00:00+08:00,37.099998474121094,35.400001525878906,116.30208587646484
2026-09-13 17:00:00+08:00,37.400001525878906,35.70000076293945,116.38541412353516
2026-09-13 18:00:00+08:00,39.29999923706055,37.70000076293945,140.9013671875
2026-09-13 19:00:00+08:00,47.5,46.0,151.6262664794922
2026-09-13 20:00:00+08:00,62.20000076293945,59.599998474121094,142.81460571289062
2026-09-13 21:00:00+08:00,65.19999694824219,62.599998474121094,123.25677490234375
2026-09-13 22:00:00+08:00,64.5,62.400001525878906,114.3853988647461
2026-09-13 23:00:00+08:00,64.69999694824219,62.900001525878906,114.85417175292969
2026-09-14 00:00:00+08:00,65.69999694824219,64.30000305175781,115.94791412353516
2026-09-14 01:00:00+08:00,63.599998474121094,62.599998474121094,117.23958587646484
2026-09-14 02:00:00+08:00,60.79999923706055,60.29999923706055,118.76042175292969
2026-09-14 03:00:00+08:00,56.79999923706055,56.29999923706055,120.60417175292969
2026-09-14 04:00:00+08:00,53.29999923706055,52.900001525878906,122.58334350585938
2026-09-14 05:00:00+08:00,49.79999923706055,49.400001525878906,124.73957824707031
2026-09-14 06:00:00+08:00,47.099998474121094,46.70000076293945,126.92707824707031
2026-09-14 07:00:00+08:00,46.400001525878906,45.900001525878906,129.0625
2026-09-14 08:00:00+08:00,83.0999984741211,80.80000305175781,130.9895782470703
2026-09-14 09:00:00+08:00,88.69999694824219,86.0999984741211,135.04168701171875
2026-09-14 10:00:00+08:00,83.0999984741211,72.19999694824219,138.95834350585938
2026-09-14 11:00:00+08:00,78.19999694824219,66.5999984741211,141.98959350585938
2026-09-14 12:00:00+08:00,77.30000305175781,65.69999694824219,144.9583282470703
2026-09-14 13:00:00+08:00,78.9000015258789,68.0,148.1770782470703
2026-09-14 14:00:00+08:00,81.69999694824219,71.19999694824219,150.48512268066406
2026-09-14 15:00:00+08:00,84.5,74.5,151.5892791748047
2026-09-14 16:00:00+08:00,88.0,78.5,152.79165649414062
2026-09-14 17:00:00+08:00,93.0999984741211,83.80000305175781,154.07440185546875
2026-09-14 18:00:00+08:00,103.4000015258789,94.0999984741211,155.93112182617188
2026-09-14 19:00:00+08:00,120.0999984741211,111.0999984741211,165.8163299560547
2026-09-14 20:00:00+08:00,145.3000030517578,135.0,159.12200927734375
2026-09-14 21:00:00+08:00,159.6999969482422,148.10000610351562,161.36607360839844
2026-09-14 22:00:00+08:00,165.3000030517578,153.6999969482422,163.91070556640625
2026-09-14 23:00:00+08:00,167.60000610351562,155.5,166.62796020507812
2026-09-15 00:00:00+08:00,165.8000030517578,154.60000610351562,169.38392639160156
2026-09-15 01:00:00+08:00,157.89999389648438,148.10000610351562,172.07142639160156
2026-09-15 02:00:00+08:00,146.1999969482422,138.3000030517578,174.61605834960938
2026-09-15 03:00:00+08:00,135.5,128.5,176.9375
2026-09-15 04:00:00+08:00,126.19999694824219,119.69999694824219,179.0863037109375
2026-09-15 05:00:00+08:00,122.0,115.0,181.07440185546875
2026-09-15 06:00:00+08:00,118.69999694824219,112.0,183.0267791748047
2026-09-15 07:00:00+08:00,118.30000305175781,111.5,184.97023010253906
2026-09-15 08:00:00+08:00,115.5,110.4000015258789,186.922607421875
2026-09-15 09:00:00+08:00,131.8000030517578,125.30000305175781,187.80357360839844
2026-09-15 10:00:00+08:00,126.19999694824219,115.30000305175781,188.97023010253906
2026-09-15 11:00:00+08:00,115.30000305175781,104.5,190.2529754638672
2026-09-15 12:00:00+08:00,113.9000015258789,103.5999984741211,191.38095092773438
2026-09-15 13:00:00+08:00,114.5999984741211,104.80000305175781,192.50894165039062
2026-09-15 14:00:00+08:00,117.30000305175781,107.80000305175781,193.6041717529297
2026-09-15 15:00:00+08:00,112.5,103.4000015258789,194.69345092773438
2026-09-15 16:00:00+08:00,112.19999694824219,103.4000015258789,195.55357360839844
2026-09-15 17:00:00+08:00,105.9000015258789,97.5999984741211,196.29464721679688
2026-09-15 18:00:00+08:00,106.4000015258789,98.5,204.0010986328125
2026-09-15 19:00:00+08:00,114.80000305175781,107.0999984741211,209.37167358398438
2026-09-15 20:00:00+08:00,156.5,145.8000030517578,206.88775634765625
2026-09-15 21:00:00+08:00,157.39999389648438,145.8000030517578,197.0386962890625
2026-09-15 22:00:00+08:00,158.8000030517578,146.6999969482422,196.97024536132812
2026-09-15 23:00:00+08:00,160.6999969482422,148.5,196.76190185546875
2026-09-16 00:00:00+08:00,161.10000610351562,149.0,196.5535888671875
2026-09-16 01:00:00+08:00,156.5,145.3000030517578,196.38690185546875
2026-09-16 02:00:00+08:00,143.39999389648438,134.60000610351562,196.30357360839844
2026-09-16 03:00:00+08:00,127.0999984741211,120.0999984741211,196.19345092773438
2026-09-16 04:00:00+08:00,114.80000305175781,109.69999694824219,195.94346618652344
2026-09-16 05:00:00+08:00,106.5999984741211,102.4000015258789,195.6458282470703
2026-09-16 06:00:00+08:00,101.30000305175781,97.80000305175781,195.27084350585938
2026-09-16 07:00:00+08:00,99.19999694824219,95.9000015258789,194.8482208251953
2026-09-16 08:00:00+08:00,130.39999389648438,126.69999694824219,194.38392639160156
2026-09-16 09:00:00+08:00,141.60000610351562,136.89999389648438,194.86904907226562
2026-09-16 10:00:00+08:00,113.5999984741211,102.9000015258789,195.2142791748047
2026-09-16 11:00:00+08:00,90.80000305175781,80.0999984741211,194.84523010253906
2026-09-16 12:00:00+08:00,76.80000305175781,67.30000305175781,194.11903381347656
2026-09-16 13:00:00+08:00,69.80000305175781,61.5,193.03868103027344
2026-09-16 14:00:00+08:00,64.5,57.900001525878906,191.74998474121094
2026-09-16 15:00:00+08:00,60.099998474121094,56.099998474121094,190.26487731933594
2026-09-16 16:00:00+08:00,55.599998474121094,53.70000076293945,188.85714721679688
2026-09-16 17:00:00+08:00,58.099998474121094,56.099998474121094,187.3779754638672
2026-09-16 18:00:00+08:00,60.29999923706055,58.0,193.23977661132812
2026-09-16 19:00:00+08:00,69.80000305175781,67.0999984741211,202.255615234375
2026-09-16 20:00:00+08:00,97.80000305175781,94.30000305175781,197.70407104492188
2026-09-16 21:00:00+08:00,106.4000015258789,103.0999984741211,182.21429443359375
2026-09-16 22:00:00+08:00,118.30000305175781,114.30000305175781,180.94345092773438
2026-09-16 23:00:00+08:00,133.60000610351562,129.0,179.9791717529297
2026-09-17 00:00:00+08:00,149.0,143.89999389648438,179.3988037109375
2026-09-17 01:00:00+08:00,157.39999389648438,153.1999969482422,179.2470245361328
2026-09-17 02:00:00+08:00,147.60000610351562,145.3000030517578,179.48214721679688
2026-09-17 03:00:00+08:00,130.89999389648438,128.5,179.80059814453125
2026-09-17 04:00:00+08:00,113.5999984741211,112.0,180.0505828857422
2026-09-17 05:00:00+08:00,101.5,100.4000015258789,180.11904907226562
2026-09-17 06:00:00+08:00,94.30000305175781,93.4000015258789,180.0595245361328
2026-09-17 07:00:00+08:00,92.4000015258789,91.69999694824219,179.92855834960938
2026-09-17 08:00:00+08:00,95.19999694824219,93.5999984741211,179.80357360839844
2026-09-17 09:00:00+08:00,106.5999984741211,103.80000305175781,178.81845092773438
2026-09-17 10:00:00+08:00,87.5,78.5,177.83334350585938
2026-09-17 11:00:00+08:00,75.9000015258789,67.30000305175781,177.10714721679688
2026-09-17 12:00:00+08:00,70.0999984741211,63.599998474121094,176.72618103027344
2026-09-17 13:00:00+08:00,65.4000015258789,61.70000076293945,176.61607360839844
2026-09-17 14:00:00+08:00,65.0,62.20000076293945,176.6220245361328
2026-09-17 15:00:00+08:00,65.4000015258789,62.599998474121094,176.75
2026-09-17 16:00:00+08:00,64.5,61.70000076293945,176.94345092773438
2026-09-17 17:00:00+08:00,63.599998474121094,60.79999923706055,183.51402282714844
2026-09-17 18:00:00+08:00,68.0,65.19999694824219,204.53814697265625
2026-09-17 19:00:00+08:00,85.19999694824219,82.19999694824219,208.5660400390625
2026-09-17 20:00:00+08:00,97.0999984741211,94.30000305175781,204.40386962890625
2026-09-17 21:00:00+08:00,134.60000610351562,130.89999389648438,187.659423828125
2026-09-17 22:00:00+08:00,143.39999389648438,139.1999969482422,178.81248474121094
2026-09-17 23:00:00+08:00,129.0,125.30000305175781,179.55357360839844
2026-09-18 00:00:00+08:00,102.0,99.0,179.4434356689453
2026-09-18 01:00:00+08:00,74.30000305175781,72.9000015258789,178.10714721679688
2026-09-18 02:00:00+08:00,61.0,59.79999923706055,175.7172393798828
2026-09-18 03:00:00+08:00,51.599998474121094,50.900001525878906,173.17262268066406
2026-09-18 04:00:00+08:00,49.5,48.900001525878906,170.86309814453125
2026-09-18 05:00:00+08:00,46.900001525878906,46.29999923706055,168.98512268066406
2026-09-18 06:00:00+08:00,45.400001525878906,44.79999923706055,167.375
2026-09-18 07:00:00+08:00,46.79999923706055,46.20000076293945,165.92857360839844
2026-09-18 08:00:00+08:00,41.599998474121094,41.29999923706055,164.57440185546875
2026-09-18 09:00:00+08:00,51.5,49.900001525878906,163.0178680419922
2026-09-18 10:00:00+08:00,51.79999923706055,48.20000076293945,161.4136962890625
2026-09-18 11:00:00+08:00,48.79999923706055,46.79999923706055,160.5119171142578
2026-09-18 12:00:00+08:00,50.20000076293945,48.29999923706055,159.90179443359375
2026-09-18 13:00:00+08:00,50.29999923706055,48.5,159.44644165039062
2026-09-18 14:00:00+08:00,48.0,46.400001525878906,159.05357360839844
2026-09-18 15:00:00+08:00,42.0,40.70000076293945,158.58334350585938
2026-09-18 16:00:00+08:00,39.70000076293945,38.599998474121094,157.93154907226562
2026-09-18 17:00:00+08:00,35.70000076293945,34.900001525878906,157.24404907226562
2026-09-18 18:00:00+08:00,39.099998474121094,38.29999923706055,156.4732208251953
2026-09-18 19:00:00+08:00,47.29999923706055,46.599998474121094,155.67262268066406
2026-09-18 20:00:00+08:00,89.9000015258789,88.69999694824219,154.61309814453125
2026-09-18 21:00:00+08:00,112.9000015258789,112.0,154.44644165039062
2026-09-18 22:00:00+08:00,119.19999694824219,118.30000305175781,153.88392639160156
2026-09-18 23:00:00+08:00,113.4000015258789,112.5,153.26190185546875
2026-09-19 00:00:00+08:00,117.30000305175781,116.5999984741211,152.88095092773438
2026-09-19 01:00:00+08:00,120.0999984741211,119.19999694824219,153.40475463867188
2026-09-19 02:00:00+08:00,112.69999694824219,112.19999694824219,154.78273010253906
2026-09-19 03:00:00+08:00,100.0999984741211,99.4000015258789,156.34225463867188
2026-09-19 04:00:00+08:00,84.30000305175781,83.80000305175781,157.7857208251953
2026-09-19 05:00:00+08:00,64.69999694824219,64.30000305175781,158.82440185546875
2026-09-19 06:00:00+08:00,50.79999923706055,50.400001525878906,159.36012268066406
2026-09-19 07:00:00+08:00,41.29999923706055,41.099998474121094,159.52679443359375
2026-09-19 08:00:00+08:00,46.79999923706055,46.20000076293945,159.375
2026-09-19 09:00:00+08:00,46.29999923706055,45.79999923706055,159.52084350585938
2026-09-19 10:00:00+08:00,51.29999923706055,50.5,159.3988037109375
2026-09-19 11:00:00+08:00,48.5,47.599998474121094,159.46725463867188
2026-09-19 12:00:00+08:00,46.099998474121094,45.20000076293945,159.49107360839844
2026-09-19 13:00:00+08:00,43.400001525878906,42.599998474121094,159.3988037109375
2026-09-19 14:00:00+08:00,37.5,36.79999923706055,159.22320556640625
2026-09-19 15:00:00+08:00,37.0,36.400001525878906,158.9375
2026-09-19 16:00:00+08:00,37.400001525878906,36.900001525878906,158.8095245361328
2026-09-19 17:00:00+08:00,39.79999923706055,39.20000076293945,158.75892639160156
2026-09-19 18:00:00+08:00,48.0,47.400001525878906,158.88690185546875
2026-09-19 19:00:00+08:00,56.0,55.5,159.15774536132812
2026-09-19 20:00:00+08:00,73.30000305175781,70.80000305175781,159.422607421875
2026-09-19 21:00:00+08:00,70.80000305175781,68.19999694824219,158.889892578125
2026-09-19 22:00:00+08:00,71.0,68.69999694824219,157.58631896972656
2026-09-19 23:00:00+08:00,71.0,68.9000015258789,156.11012268066406
2026-09-20 00:00:00+08:00,68.19999694824219,66.5999984741211,154.8125
2026-09-20 01:00:00+08:00,64.30000305175781,63.29999923706055,153.32440185546875
2026-09-20 02:00:00+08:00,58.20000076293945,57.400001525878906,151.6607208251953
2026-09-20 03:00:00+08:00,53.400001525878906,52.70000076293945,150.02976989746094
2026-09-20 04:00:00+08:00,49.400001525878906,48.70000076293945,145.23959350585938
2026-09-20 05:00:00+08:00,46.400001525878906,46.0,141.5833282470703
2026-09-20 06:00:00+08:00,44.599998474121094,44.20000076293945,139.6770782470703
2026-09-20 07:00:00+08:00,44.0,43.70000076293945,139.03123474121094
2026-09-20 08:00:00+08:00,21.899999618530273,21.700000762939453,139.30206298828125
2026-09-20 09:00:00+08:00,30.299999237060547,30.0,136.74998474121094
2026-09-20 10:00:00+08:00,30.899999618530273,30.399999618530273,135.1041717529297
2026-09-20 11:00:00+08:00,38.0,37.400001525878906,133.01040649414062
2026-09-20 12:00:00+08:00,48.900001525878906,48.099998474121094,131.9479217529297
2026-09-20 13:00:00+08:00,52.20000076293945,51.29999923706055,132.25001525878906
2026-09-20 14:00:00+08:00,53.099998474121094,52.20000076293945,133.15628051757812
2026-09-20 15:00:00+08:00,54.400001525878906,53.400001525878906,134.7604217529297
2026-09-20 16:00:00+08:00,61.5,60.29999923706055,136.53126525878906
2026-09-20 17:00:00+08:00,63.099998474121094,61.900001525878906,138.96876525878906
2026-09-20 18:00:00+08:00,62.900001525878906,61.70000076293945,143.6649627685547
2026-09-20 19:00:00+08:00,63.79999923706055,63.099998474121094,142.8229217529297
2026-09-20 20:00:00+08:00,82.4000015258789,81.30000305175781,143.61459350585938
2026-09-20 21:00:00+08:00,78.5,77.5,144.7083282470703
2026-09-20 22:00:00+08:00,82.19999694824219,81.5,145.67710876464844
2026-09-20 23:00:00+08:00,79.9000015258789,79.4000015258789,147.01043701171875
2026-09-21 00:00:00+08:00,63.099998474121094,62.900001525878906,148.1041717529297
2026-09-21 01:00:00+08:00,42.29999923706055,42.0,147.71876525878906
2026-09-21 02:00:00+08:00,51.599998474121094,51.5,145.5
2026-09-21 03:00:00+08:00,29.299999237060547,29.200000762939453,144.8854217529297
2026-09-21 04:00:00+08:00,17.299999237060547,17.299999237060547,142.43748474121094
2026-09-21 05:00:00+08:00,9.300000190734863,9.300000190734863,139.1666717529297
2026-09-21 06:00:00+08:00,7.300000190734863,7.300000190734863,135.34375
2026-09-21 07:00:00+08:00,6.699999809265137,6.699999809265137,131.50001525878906
2026-09-21 08:00:00+08:00,5.5,5.5,127.6458511352539
2026-09-21 09:00:00+08:00,17.5,17.299999237060547,125.95833587646484
2026-09-21 10:00:00+08:00,23.700000762939453,23.700000762939453,124.63543701171875
2026-09-21 11:00:00+08:00,38.599998474121094,38.099998474121094,123.9375
2026-09-21 12:00:00+08:00,48.0,47.29999923706055,124.01042175292969
2026-09-21 13:00:00+08:00,49.5,48.900001525878906,123.92709350585938
2026-09-21 14:00:00+08:00,48.099998474121094,47.5,123.67708587646484
2026-09-21 15:00:00+08:00,44.20000076293945,43.79999923706055,123.18749237060547
2026-09-21 16:00:00+08:00,44.0,43.5,150.03189086914062
2026-09-21 17:00:00+08:00,44.900001525878906,44.5,178.25254821777344
2026-09-21 18:00:00+08:00,45.900001525878906,45.5,193.5586700439453
2026-09-21 19:00:00+08:00,52.20000076293945,51.900001525878906,192.2831573486328
2026-09-21 20:00:00+08:00,50.900001525878906,50.599998474121094,174.90432739257812
2026-09-21 21:00:00+08:00,49.70000076293945,49.599998474121094,146.4285888671875
2026-09-21 22:00:00+08:00,48.29999923706055,48.20000076293945,109.66665649414062
2026-09-21 23:00:00+08:00,44.70000076293945,44.70000076293945,106.19790649414062
2026-09-22 00:00:00+08:00,40.0,40.0,102.58333587646484
2026-09-22 01:00:00+08:00,36.29999923706055,36.29999923706055,100.19791412353516
2026-09-22 02:00:00+08:00,28.299999237060547,28.200000762939453,99.70126342773438
2026-09-22 03:00:00+08:00,20.799999237060547,20.799999237060547,97.86949157714844
2026-09-22 04:00:00+08:00,13.100000381469727,13.100000381469727,97.20912170410156
2026-09-22 05:00:00+08:00,10.0,9.899999618530273,96.87892150878906
2026-09-22 06:00:00+08:00,11.5,11.399999618530273,96.92609405517578
2026-09-22 07:00:00+08:00,16.200000762939453,16.100000381469727,97.24842834472656
2026-09-22 08:00:00+08:00,32.70000076293945,32.20000076293945,97.98741149902344
2026-09-22 09:00:00+08:00,38.29999923706055,38.0,100.11458587646484
2026-09-22 10:00:00+08:00,39.5,39.29999923706055,102.27082824707031
2026-09-22 11:00:00+08:00,48.0,47.70000076293945,103.89582824707031
2026-09-22 12:00:00+08:00,43.70000076293945,43.5,104.89582824707031
2026-09-22 13:00:00+08:00,49.79999923706055,49.70000076293945,104.49999237060547
2026-09-22 14:00:00+08:00,60.5,60.5,104.58333587646484
2026-09-22 15:00:00+08:00,68.19999694824219,68.19999694824219,105.93750762939453
2026-09-22 16:00:00+08:00,71.5,71.5,108.47917938232422
2026-09-22 17:00:00+08:00,79.4000015258789,79.4000015258789,111.39583587646484
2026-09-22 18:00:00+08:00,84.0999984741211,83.80000305175781,115.03125762939453
2026-09-22 19:00:00+08:00,104.30000305175781,104.30000305175781,119.02084350585938
2026-09-22 20:00:00+08:00,101.0,98.69999694824219,124.47917175292969
2026-09-22 21:00:00+08:00,96.4000015258789,94.5,129.48959350585938
2026-09-22 22:00:00+08:00,101.5,99.4000015258789,134.1666717529297
2026-09-22 23:00:00+08:00,116.4000015258789,113.5999984741211,139.50001525878906
2026-09-23 00:00:00+08:00,132.1999969482422,129.5,146.67709350585938
2026-09-23 01:00:00+08:00,126.69999694824219,124.80000305175781,151.71429443359375
2026-09-23 02:00:00+08:00,112.19999694824219,110.4000015258789,154.3482208251953
2026-09-23 03:00:00+08:00,68.9000015258789,68.0,156.79464721679688
2026-09-23 04:00:00+08:00,38.29999923706055,37.599998474121094,158.19940185546875
2026-09-23 05:00:00+08:00,29.200000762939453,28.5,158.92857360839844
2026-09-23 06:00:00+08:00,27.799999237060547,27.0,159.48214721679688
2026-09-23 07:00:00+08:00,32.5,31.399999618530273,159.94642639160156
2026-09-23 08:00:00+08:00,67.80000305175781,67.80000305175781,160.40179443359375
2026-09-23 09:00:00+08:00,74.69999694824219,74.69999694824219,161.46131896972656
2026-09-23 10:00:00+08:00,50.29999923706055,50.20000076293945,162.55357360839844
2026-09-23 11:00:00+08:00,33.20000076293945,32.900001525878906,162.8779754638672
2026-09-23 12:00:00+08:00,32.900001525878906,32.599998474121094,162.4375
2026-09-23 13:00:00+08:00,31.0,30.700000762939453,162.11309814453125
2026-09-23 14:00:00+08:00,29.399999618530273,29.200000762939453,161.547607421875
2026-09-23 15:00:00+08:00,30.0,29.899999618530273,160.61605834960938
2026-09-23 16:00:00+08:00,33.29999923706055,33.099998474121094,159.47618103027344
2026-09-23 17:00:00+08:00,39.599998474121094,39.29999923706055,158.3333282470703
2026-09-23 18:00:00+08:00,51.5,51.20000076293945,157.13987731933594
2026-09-23 19:00:00+08:00,59.5,59.400001525878906,156.16964721679688
2026-09-23 20:00:00+08:00,79.19999694824219,78.9000015258789,154.8333282470703
2026-09-23 21:00:00+08:00,81.30000305175781,81.0,154.24404907226562
2026-09-23 22:00:00+08:00,64.30000305175781,64.0,153.84225463867188
2026-09-23 23:00:00+08:00,43.79999923706055,43.70000076293945,152.7886962890625
2026-09-24 00:00:00+08:00,27.399999618530273,27.299999237060547,150.7083282470703
2026-09-24 01:00:00+08:00,20.600000381469727,20.5,141.83334350585938
2026-09-24 02:00:00+08:00,24.399999618530273,24.299999237060547,130.96875
2026-09-24 03:00:00+08:00,26.5,26.399999618530273,122.00001525878906
2026-09-24 04:00:00+08:00,28.5,28.299999237060547,117.66667175292969
2026-09-24 05:00:00+08:00,30.899999618530273,30.700000762939453,116.69792175292969
2026-09-24 06:00:00+08:00,33.099998474121094,32.900001525878906,116.92708587646484
2026-09-24 07:00:00+08:00,37.29999923706055,37.29999923706055,117.54167175292969
2026-09-24 08:00:00+08:00,34.5,34.29999923706055,118.15626525878906
2026-09-24 09:00:00+08:00,47.29999923706055,47.099998474121094,114.66666412353516
2026-09-24 10:00:00+08:00,39.79999923706055,39.599998474121094,111.79167175292969
2026-09-24 11:00:00+08:00,33.900001525878906,33.599998474121094,110.68749237060547
2026-09-24 12:00:00+08:00,32.0,31.799999237060547,110.76041412353516
2026-09-24 13:00:00+08:00,33.099998474121094,32.79999923706055,110.67707824707031
2026-09-24 14:00:00+08:00,34.5,34.099998474121094,110.89582824707031
2026-09-24 15:00:00+08:00,34.79999923706055,34.5,111.40624237060547
2026-09-24 16:00:00+08:00,35.29999923706055,34.900001525878906,111.88540649414062
2026-09-24 17:00:00+08:00,38.099998474121094,37.70000076293945,140.051025390625
2026-09-24 18:00:00+08:00,43.5,43.29999923706055,161.35203552246094
2026-09-24 19:00:00+08:00,82.4000015258789,82.19999694824219,163.42474365234375
2026-09-24 20:00:00+08:00,46.0,46.0,146.6411590576172
2026-09-24 21:00:00+08:00,56.599998474121094,56.599998474121094,110.5016860961914
2026-09-24 22:00:00+08:00,57.5,57.5,107.48957061767578
2026-09-24 23:00:00+08:00,54.79999923706055,54.79999923706055,106.8125
2026-09-25 00:00:00+08:00,52.5,52.5,107.96875
2026-09-25 01:00:00+08:00,48.5,48.5,110.59375
2026-09-25 02:00:00+08:00,43.79999923706055,43.79999923706055,113.51040649414062
2026-09-25 03:00:00+08:00,37.099998474121094,37.0,115.54166412353516
2026-09-25 04:00:00+08:00,31.0,31.0,116.64583587646484
2026-09-25 05:00:00+08:00,26.899999618530273,26.799999237060547,116.92707824707031
2026-09-25 06:00:00+08:00,24.399999618530273,24.299999237060547,116.52082061767578
2026-09-25 07:00:00+08:00,24.700000762939453,24.700000762939453,115.62498474121094
2026-09-25 08:00:00+08:00,19.0,19.0,114.31248474121094
2026-09-25 09:00:00+08:00,25.600000381469727,25.399999618530273,112.71875
2026-09-25 10:00:00+08:00,19.799999237060547,19.700000762939453,110.45832824707031
2026-09-25 11:00:00+08:00,19.700000762939453,19.600000381469727,108.38542175292969
2026-09-25 12:00:00+08:00,18.299999237060547,18.200000762939453,106.92708587646484
2026-09-25 13:00:00+08:00,18.5,18.299999237060547,105.51041412353516
2026-09-25 14:00:00+08:00,20.700000762939453,20.5,104.0
2026-09-25 15:00:00+08:00,23.299999237060547,23.100000381469727,102.58333587646484
2026-09-25 16:00:00+08:00,27.899999618530273,27.700000762939453,130.69728088378906
2026-09-25 17:00:00+08:00,29.799999237060547,29.700000762939453,167.4107208251953
2026-09-25 18:00:00+08:00,28.600000381469727,28.399999618530273,187.340576171875
2026-09-25 19:00:00+08:00,38.0,37.79999923706055,188.9349365234375
2026-09-25 20:00:00+08:00,55.900001525878906,55.599998474121094,172.19387817382812
2026-09-25 21:00:00+08:00,46.79999923706055,46.70000076293945,143.02720642089844
2026-09-25 22:00:00+08:00,32.900001525878906,32.900001525878906,101.78570556640625
2026-09-25 23:00:00+08:00,27.700000762939453,27.600000381469727,93.23899841308594
2026-09-26 00:00:00+08:00,24.399999618530273,24.299999237060547,91.10063171386719
2026-09-26 01:00:00+08:00,12.5,12.5,88.88365173339844
2026-09-26 02:00:00+08:00,9.5,9.5,86.05345153808594
2026-09-26 03:00:00+08:00,9.399999618530273,9.399999618530273,83.35691833496094
2026-09-26 04:00:00+08:00,8.800000190734863,8.800000190734863,81.18710327148438
2026-09-26 05:00:00+08:00,9.600000381469727,9.5,79.44181823730469
2026-09-26 06:00:00+08:00,7.400000095367432,7.400000095367432,78.0817642211914
2026-09-26 07:00:00+08:00,6.800000190734863,6.800000190734863,76.7531509399414
2026-09-26 08:00:00+08:00,14.5,14.5,75.34590911865234
2026-09-26 09:00:00+08:00,20.100000381469727,19.799999237060547,74.99214172363281
2026-09-26 10:00:00+08:00,23.600000381469727,23.600000381469727,74.55188751220703
2026-09-26 11:00:00+08:00,24.200000762939453,24.0,74.85848999023438
2026-09-26 12:00:00+08:00,26.700000762939453,26.399999618530273,75.20439910888672
2026-09-26 13:00:00+08:00,29.600000381469727,29.299999237060547,75.84906005859375
2026-09-26 14:00:00+08:00,32.20000076293945,31.899999618530273,100.63774871826172
2026-09-26 15:00:00+08:00,34.70000076293945,34.20000076293945,100.63774871826172
2026-09-26 16:00:00+08:00,36.70000076293945,36.20000076293945,136.43707275390625
2026-09-26 17:00:00+08:00,36.70000076293945,36.29999923706055,174.426025390625
2026-09-26 18:00:00+08:00,46.099998474121094,45.79999923706055,198.18238830566406
2026-09-26 19:00:00+08:00,55.79999923706055,55.400001525878906,201.98712158203125
2026-09-26 20:00:00+08:00,88.69999694824219,88.5,192.92091369628906
2026-09-26 21:00:00+08:00,64.69999694824219,64.5,166.45408630371094
2026-09-26 22:00:00+08:00,43.29999923706055,43.20000076293945,129.846923828125
2026-09-26 23:00:00+08:00,41.900001525878906,41.79999923706055,87.21698760986328
2026-09-27 00:00:00+08:00,43.79999923706055,43.79999923706055,88.33333587646484
2026-09-27 01:00:00+08:00,25.600000381469727,25.600000381469727,89.86634826660156
2026-09-27 02:00:00+08:00,20.5,20.5,90.8962173461914
2026-09-27 03:00:00+08:00,25.299999237060547,25.299999237060547,91.76100158691406
2026-09-27 04:00:00+08:00,24.299999237060547,24.200000762939453,93.01100158691406
2026-09-27 05:00:00+08:00,9.699999809265137,9.600000381469727,94.22168731689453
2026-09-27 06:00:00+08:00,7.300000190734863,7.300000190734863,94.22954559326172
2026-09-27 07:00:00+08:00,8.5,8.5,94.22168731689453
2026-09-27 08:00:00+08:00,41.0,41.0,94.35533142089844
2026-09-27 09:00:00+08:00,45.5,45.5,96.43866729736328
2026-09-27 10:00:00+08:00,35.599998474121094,35.400001525878906,98.45911407470703
2026-09-27 11:00:00+08:00,32.0,31.700000762939453,99.38678741455078
2026-09-27 12:00:00+08:00,26.399999618530273,26.299999237060547,99.99213409423828
2026-09-27 13:00:00+08:00,23.399999618530273,23.299999237060547,99.9842758178711
2026-09-27 14:00:00+08:00,27.100000381469727,27.0,99.5125732421875
2026-09-27 15:00:00+08:00,27.799999237060547,27.700000762939453,99.12734985351562
2026-09-27 16:00:00+08:00,28.299999237060547,28.200000762939453,98.61634826660156
2026-09-27 17:00:00+08:00,29.0,28.899999618530273,97.98741149902344
2026-09-27 18:00:00+08:00,30.5,30.299999237060547,102.21086883544922
2026-09-27 19:00:00+08:00,44.20000076293945,44.099998474121094,99.65985870361328
2026-09-27 20:00:00+08:00,72.5999984741211,72.5999984741211,95.29874420166016
2026-09-27 21:00:00+08:00,83.4000015258789,83.0999984741211,94.04873657226562
2026-09-27 22:00:00+08:00,85.9000015258789,85.69999694824219,95.51100158691406
2026-09-27 23:00:00+08:00,77.80000305175781,77.5,98.8521957397461
2026-09-28 00:00:00+08:00,73.5999984741211,73.30000305175781,102.19790649414062
2026-09-28 01:00:00+08:00,68.19999694824219,68.19999694824219,105.27083587646484
2026-09-28 02:00:00+08:00,62.900001525878906,62.599998474121094,109.70833587646484
2026-09-28 03:00:00+08:00,58.099998474121094,58.0,114.09374237060547
2026-09-28 04:00:00+08:00,54.0,53.900001525878906,117.49999237060547
2026-09-28 05:00:00+08:00,49.900001525878906,49.79999923706055,120.59375
2026-09-28 06:00:00+08:00,46.400001525878906,46.29999923706055,124.78125
2026-09-28 07:00:00+08:00,45.5,45.400001525878906,128.84376525878906
2026-09-28 08:00:00+08:00,18.899999618530273,18.899999618530273,132.68751525878906
2026-09-28 09:00:00+08:00,24.299999237060547,24.100000381469727,130.3854217529297
2026-09-28 10:00:00+08:00,16.799999237060547,16.600000381469727,128.15625
2026-09-28 11:00:00+08:00,20.700000762939453,20.399999618530273,126.19792175292969
2026-09-28 12:00:00+08:00,26.100000381469727,25.5,125.02082824707031
2026-09-28 13:00:00+08:00,32.79999923706055,31.899999618530273,124.93750762939453
2026-09-28 14:00:00+08:00,41.20000076293945,39.599998474121094,125.83333587646484
2026-09-28 15:00:00+08:00,48.70000076293945,46.599998474121094,127.14583587646484
2026-09-28 16:00:00+08:00,53.20000076293945,50.400001525878906,129.1145782470703
2026-09-28 17:00:00+08:00,57.5,54.099998474121094,159.27932739257812
2026-09-28 18:00:00+08:00,64.0,60.29999923706055,180.80355834960938
2026-09-28 19:00:00+08:00,78.9000015258789,74.69999694824219,184.4706573486328
2026-09-28 20:00:00+08:00,89.5999984741211,85.0,169.80227661132812
2026-09-28 21:00:00+08:00,90.0999984741211,84.5,148.12924194335938
2026-09-28 22:00:00+08:00,83.5999984741211,78.0,141.8020782470703
2026-09-28 23:00:00+08:00,82.19999694824219,76.5999984741211,141.0
2026-09-29 00:00:00+08:00,82.69999694824219,77.80000305175781,140.90625
2026-09-29 01:00:00+08:00,80.80000305175781,77.0999984741211,141.375
2026-09-29 02:00:00+08:00,72.9000015258789,71.0,142.3020782470703
2026-09-29 03:00:00+08:00,66.4000015258789,65.19999694824219,143.1770782470703
2026-09-29 04:00:00+08:00,61.20000076293945,60.5,143.9270782470703
2026-09-29 05:00:00+08:00,57.20000076293945,56.70000076293945,144.6145782470703
2026-09-29 06:00:00+08:00,54.900001525878906,54.599998474121094,145.33331298828125
2026-09-29 07:00:00+08:00,54.5,54.099998474121094,146.19790649414062
2026-09-29 08:00:00+08:00,76.5999984741211,75.9000015258789,147.10414123535156
2026-09-29 09:00:00+08:00,82.0,81.30000305175781,150.86904907226562
2026-09-29 10:00:00+08:00,67.0999984741211,65.4000015258789,152.57142639160156
2026-09-29 11:00:00+08:00,55.099998474121094,52.70000076293945,154.02381896972656
2026-09-29 12:00:00+08:00,50.20000076293945,48.20000076293945,154.98512268066406
2026-09-29 13:00:00+08:00,48.70000076293945,47.0,155.66070556640625
2026-09-29 14:00:00+08:00,47.599998474121094,46.099998474121094,156.11012268066406
2026-09-29 15:00:00+08:00,47.79999923706055,46.29999923706055,156.30357360839844
2026-09-29 16:00:00+08:00,47.70000076293945,46.29999923706055,156.29464721679688
2026-09-29 17:00:00+08:00,49.099998474121094,47.79999923706055,156.17262268066406
2026-09-29 18:00:00+08:00,54.599998474121094,53.599998474121094,159.7576446533203
2026-09-29 19:00:00+08:00,72.9000015258789,72.19999694824219,155.7857208251953
2026-09-29 20:00:00+08:00,97.0999984741211,95.5,155.7113037109375
2026-09-29 21:00:00+08:00,98.5,97.5999984741211,156.02381896972656
2026-09-29 22:00:00+08:00,83.5999984741211,83.0999984741211,156.4136962890625
2026-09-29 23:00:00+08:00,75.0,74.5,156.5654754638672
2026-09-30 00:00:00+08:00,70.5,70.0999984741211,156.5029754638672
2026-09-30 01:00:00+08:00,65.9000015258789,65.69999694824219,156.2738037109375
2026-09-30 02:00:00+08:00,60.5,60.099998474121094,155.93450927734375
2026-09-30 03:00:00+08:00,56.099998474121094,55.79999923706055,155.610107421875
2026-09-30 04:00:00+08:00,52.70000076293945,52.5,155.33035278320312
2026-09-30 05:00:00+08:00,50.29999923706055,50.099998474121094,155.09226989746094
2026-09-30 06:00:00+08:00,49.20000076293945,49.0,154.8958282470703
2026-09-30 07:00:00+08:00,50.20000076293945,49.900001525878906,154.72915649414062
2026-09-30 08:00:00+08:00,57.20000076293945,57.0,154.60415649414062
2026-09-30 09:00:00+08:00,69.5999984741211,69.19999694824219,154.04165649414062
2026-09-30 10:00:00+08:00,54.79999923706055,53.0,153.68153381347656
2026-09-30 11:00:00+08:00,45.599998474121094,43.20000076293945,153.3125
2026-09-30 12:00:00+08:00,42.70000076293945,40.70000076293945,153.02975463867188
2026-09-30 13:00:00+08:00,43.099998474121094,42.0,152.80654907226562
2026-09-30 14:00:00+08:00,46.900001525878906,45.79999923706055,152.65773010253906
2026-09-30 15:00:00+08:00,48.5,47.400001525878906,152.6488037109375
2026-09-30 16:00:00+08:00,49.599998474121094,48.70000076293945,169.64285278320312
2026-09-30 17:00:00+08:00,55.099998474121094,54.099998474121094,201.98712158203125
2026-09-30 18:00:00+08:00,63.599998474121094,62.900001525878906,210.9156494140625
2026-09-30 19:00:00+08:00,71.9000015258789,71.69999694824219,210.9156494140625
2026-09-30 20:00:00+08:00,59.0,58.900001525878906,202.05426025390625
2026-09-30 21:00:00+08:00,51.5,51.29999923706055,175.0637664794922
2026-09-30 22:00:00+08:00,53.900001525878906,53.900001525878906,150.73512268066406
2026-09-30 23:00:00+08:00,58.79999923706055,58.70000076293945,149.53125
2026-10-01 00:00:00+08:00,59.099998474121094,59.0,147.88543701171875
2026-10-01 01:00:00+08:00,57.20000076293945,57.0,146.7291717529297
2026-10-01 02:00:00+08:00,53.599998474121094,53.400001525878906,145.8229217529297
2026-10-01 03:00:00+08:00,49.20000076293945,49.099998474121094,145.125
2026-10-01 04:00:00+08:00,44.0,43.900001525878906,144.42709350585938
2026-10-01 05:00:00+08:00,39.20000076293945,39.099998474121094,143.53126525878906
2026-10-01 06:00:00+08:00,35.900001525878906,35.70000076293945,142.38540649414062
2026-10-01 07:00:00+08:00,35.400001525878906,35.29999923706055,141.00001525878906
2026-10-01 08:00:00+08:00,21.899999618530273,21.899999618530273,139.4791717529297
2026-10-01 09:00:00+08:00,31.700000762939453,31.399999618530273,135.8229217529297
2026-10-01 10:00:00+08:00,31.0,30.899999618530273,131.8854217529297
2026-10-01 11:00:00+08:00,37.29999923706055,36.70000076293945,129.58334350585938
2026-10-01 12:00:00+08:00,43.79999923706055,42.79999923706055,128.90625
2026-10-01 13:00:00+08:00,44.70000076293945,43.79999923706055,129.125
2026-10-01 14:00:00+08:00,41.400001525878906,40.599998474121094,129.31251525878906
2026-10-01 15:00:00+08:00,42.0,41.29999923706055,145.15304565429688
2026-10-01 16:00:00+08:00,45.900001525878906,45.400001525878906,187.340576171875
2026-10-01 17:00:00+08:00,46.70000076293945,46.20000076293945,209.84158325195312
2026-10-01 18:00:00+08:00,54.20000076293945,53.900001525878906,218.70297241210938
2026-10-01 19:00:00+08:00,82.0,81.5,217.49462890625
2026-10-01 20:00:00+08:00,99.69999694824219,99.69999694824219,206.61920166015625
2026-10-01 21:00:00+08:00,98.5,98.5,173.94769287109375
2026-10-01 22:00:00+08:00,88.69999694824219,88.69999694824219,136.21876525878906
2026-10-01 23:00:00+08:00,82.9000015258789,82.9000015258789,139.84375
2026-10-02 00:00:00+08:00,85.0,85.0,142.3645782470703
2026-10-02 01:00:00+08:00,81.30000305175781,81.30000305175781,145.0729217529297
2026-10-02 02:00:00+08:00,59.5,59.5,147.60418701171875
2026-10-02 03:00:00+08:00,33.29999923706055,33.29999923706055,148.23959350585938
2026-10-02 04:00:00+08:00,17.100000381469727,17.100000381469727,146.59375
2026-10-02 05:00:00+08:00,15.300000190734863,15.300000190734863,143.80209350585938
2026-10-02 06:00:00+08:00,17.100000381469727,17.0,141.32293701171875
2026-10-02 07:00:00+08:00,21.399999618530273,21.399999618530273,139.375
2026-10-02 08:00:00+08:00,83.4000015258789,83.0999984741211,137.92710876464844
2026-10-02 09:00:00+08:00,84.30000305175781,84.0999984741211,144.30210876464844
2026-10-02 10:00:00+08:00,58.400001525878906,58.0,149.7916717529297
2026-10-02 11:00:00+08:00,48.099998474121094,47.5,150.7470245361328
2026-10-02 12:00:00+08:00,43.900001525878906,43.29999923706055,151.06845092773438
2026-10-02 13:00:00+08:00,42.5,41.900001525878906,151.08334350585938
2026-10-02 14:00:00+08:00,39.20000076293945,38.79999923706055,151.0267791748047
2026-10-02 15:00:00+08:00,40.20000076293945,39.79999923706055,150.97320556640625
2026-10-02 16:00:00+08:00,45.5,45.20000076293945,150.92857360839844
2026-10-02 17:00:00+08:00,48.79999923706055,48.400001525878906,187.340576171875
2026-10-02 18:00:00+08:00,52.599998474121094,52.400001525878906,207.89474487304688
2026-10-02 19:00:00+08:00,70.5,70.30000305175781,212.6611328125
2026-10-02 20:00:00+08:00,80.5999984741211,80.30000305175781,207.96185302734375
2026-10-02 21:00:00+08:00,84.5,84.30000305175781,191.9642791748047
2026-10-02 22:00:00+08:00,90.80000305175781,90.80000305175781,159.7576446533203
2026-10-02 23:00:00+08:00,92.69999694824219,92.4000015258789,148.85418701171875
2026-10-03 00:00:00+08:00,92.19999694824219,92.19999694824219,149.84376525878906
2026-10-03 01:00:00+08:00,92.9000015258789,92.9000015258789,150.16964721679688
2026-10-03 02:00:00+08:00,86.5999984741211,86.5999984741211,150.514892578125
2026-10-03 03:00:00+08:00,75.9000015258789,75.9000015258789,151.32142639160156
2026-10-03 04:00:00+08:00,67.80000305175781,67.5,152.5892791748047
2026-10-03 05:00:00+08:00,65.0,65.0,154.0892791748047
2026-10-03 06:00:00+08:00,65.19999694824219,65.19999694824219,155.56845092773438
2026-10-03 07:00:00+08:00,68.0,68.0,157.0029754638672
2026-10-03 08:00:00+08:00,56.099998474121094,56.099998474121094,158.38987731933594
2026-10-03 09:00:00+08:00,54.20000076293945,54.099998474121094,157.5863037109375
2026-10-03 10:00:00+08:00,37.29999923706055,37.099998474121094,156.69345092773438
2026-10-03 11:00:00+08:00,35.5,35.29999923706055,156.07142639160156
2026-10-03 12:00:00+08:00,40.5,40.20000076293945,155.70834350585938
2026-10-03 13:00:00+08:00,47.0,46.599998474121094,155.61607360839844
2026-10-03 14:00:00+08:00,49.900001525878906,49.5,155.75595092773438
2026-10-03 15:00:00+08:00,51.900001525878906,51.29999923706055,156.07440185546875
2026-10-03 16:00:00+08:00,49.70000076293945,49.099998474121094,177.45535278320312
2026-10-03 17:00:00+08:00,47.5,47.0,209.10311889648438
2026-10-03 18:00:00+08:00,51.70000076293945,51.20000076293945,222.59664916992188
2026-10-03 19:00:00+08:00,59.79999923706055,59.5,227.16165161132812
2026-10-03 20:00:00+08:00,96.9000015258789,96.19999694824219,222.05963134765625
2026-10-03 21:00:00+08:00,109.4000015258789,109.0,209.70730590820312
2026-10-03 22:00:00+08:00,119.0,118.5,186.7028045654297
2026-10-03 23:00:00+08:00,119.0,118.5,158.16665649414062
2026-10-04 00:00:00+08:00,119.69999694824219,119.19999694824219,158.9434356689453
2026-10-04 01:00:00+08:00,113.4000015258789,112.9000015258789,159.74700927734375
2026-10-04 02:00:00+08:00,104.5,104.0999984741211,160.34226989746094
2026-10-04 03:00:00+08:00,98.0,97.5999984741211,160.86309814453125
2026-10-04 04:00:00+08:00,97.30000305175781,97.0999984741211,161.50892639160156
2026-10-04 05:00:00+08:00,84.5,84.0999984741211,162.38987731933594
2026-10-04 06:00:00+08:00,72.5999984741211,71.9000015258789,162.95834350585938
2026-10-04 07:00:00+08:00,72.19999694824219,71.69999694824219,163.15773010253906
2026-10-04 08:00:00+08:00,110.0999984741211,109.9000015258789,163.26785278320312
2026-10-04 09:00:00+08:00,96.4000015258789,95.69999694824219,164.86904907226562
2026-10-04 10:00:00+08:00,57.5,56.5,166.10714721679688
2026-10-04 11:00:00+08:00,55.5,54.400001525878906,166.6845245361328
2026-10-04 12:00:00+08:00,59.79999923706055,58.599998474121094,167.2529754638672
2026-10-04 13:00:00+08:00,58.70000076293945,57.599998474121094,167.80059814453125
2026-10-04 14:00:00+08:00,56.29999923706055,55.29999923706055,168.12796020507812
2026-10-04 15:00:00+08:00,53.79999923706055,52.900001525878906,168.30059814453125
2026-10-04 16:00:00+08:00,50.29999923706055,49.5,168.3482208251953
2026-10-04 17:00:00+08:00,48.900001525878906,48.0,196.90689086914062
2026-10-04 18:00:00+08:00,53.29999923706055,52.400001525878906,209.64016723632812
2026-10-04 19:00:00+08:00,73.5999984741211,72.9000015258789,211.85556030273438
2026-10-04 20:00:00+08:00,96.4000015258789,94.80000305175781,204.87380981445312
2026-10-04 21:00:00+08:00,122.5,121.0999984741211,184.31121826171875
2026-10-04 22:00:00+08:00,140.1999969482422,138.8000030517578,169.14285278320312
2026-10-04 23:00:00+08:00,148.10000610351562,147.10000610351562,169.7470245361328
2026-10-05 00:00:00+08:00,140.1999969482422,139.6999969482422,170.5982208251953
2026-10-05 01:00:00+08:00,125.30000305175781,124.80000305175781,171.2083282470703
2026-10-05 02:00:00+08:00,103.4000015258789,102.9000015258789,171.5625
2026-10-05 03:00:00+08:00,76.4000015258789,75.9000015258789,171.52679443359375
2026-10-05 04:00:00+08:00,51.29999923706055,51.0,170.88096618652344
2026-10-05 05:00:00+08:00,50.400001525878906,49.79999923706055,169.50894165039062
2026-10-05 06:00:00+08:00,49.599998474121094,49.0,168.48809814453125
2026-10-05 07:00:00+08:00,44.5,43.900001525878906,167.80654907226562
2026-10-05 08:00:00+08:00,59.599998474121094,59.099998474121094,166.9791717529297
2026-10-05 09:00:00+08:00,64.69999694824219,64.0,165.46725463867188
2026-10-05 10:00:00+08:00,36.29999923706055,34.0,164.52381896972656
2026-10-05 11:00:00+08:00,31.299999237060547,29.5,163.8541717529297
2026-10-05 12:00:00+08:00,28.200000762939453,27.0,163.11309814453125
2026-10-05 13:00:00+08:00,30.600000381469727,29.5,162.17262268066406
2026-10-05 14:00:00+08:00,30.0,29.100000381469727,161.33631896972656
2026-10-05 15:00:00+08:00,29.600000381469727,28.700000762939453,160.55654907226562
2026-10-05 16:00:00+08:00,30.0,29.200000762939453,159.83631896972656
2026-10-05 17:00:00+08:00,30.399999618530273,29.5,169.80227661132812
2026-10-05 18:00:00+08:00,38.29999923706055,37.5,187.81887817382812
2026-10-05 19:00:00+08:00,45.79999923706055,45.099998474121094,189.2538299560547
2026-10-05 20:00:00+08:00,132.1999969482422,129.5,173.6288299560547
2026-10-05 21:00:00+08:00,141.60000610351562,140.1999969482422,158.44345092773438
2026-10-05 22:00:00+08:00,107.5999984741211,106.9000015258789,159.01190185546875
2026-10-05 23:00:00+08:00,84.80000305175781,84.0999984741211,158.0625
2026-10-06 00:00:00+08:00,83.0999984741211,82.69999694824219,156.1875
2026-10-06 01:00:00+08:00,80.80000305175781,80.30000305175781,154.49107360839844
2026-10-06 02:00:00+08:00,67.30000305175781,66.80000305175781,153.16665649414062
2026-10-06 03:00:00+08:00,65.9000015258789,65.4000015258789,152.09226989746094
2026-10-06 04:00:00+08:00,55.900001525878906,55.5,151.77976989746094
2026-10-06 05:00:00+08:00,56.5,56.099998474121094,151.9136962890625
2026-10-06 06:00:00+08:00,57.70000076293945,57.29999923706055,152.1011962890625
2026-10-06 07:00:00+08:00,59.5,59.0,152.3482208251953
2026-10-06 08:00:00+08:00,69.19999694824219,68.69999694824219,152.79762268066406
2026-10-06 09:00:00+08:00,83.5999984741211,82.9000015258789,153.08334350585938
