date,weather,icon,summary,temperature,wind_speed,wind_dir,wind_angle,cloud_cover_total,precipitation_total,precipitation_type
2026-10-05 21:00:00,mostly_cloudy,29,Mostly cloudy,25.8,0.5,ENE,62.0,76,0.0,none
2026-10-05 22:00:00,mostly_cloudy,29,Mostly cloudy,25.2,0.4,ENE,67.0,71,0.0,none
2026-10-06 09:00:00,mostly_cloudy,5,Mostly cloudy,27.5,0.3,ESE,118.0,73,0.0,none
2026-10-06 16:00:00,rain_shower,13,Rain shower,30.0,2.9,S,181.0,55,0.2,rain
2026-10-06 21:00:00,mostly_clear,27,Mostly clear,25.8,0.5,NE,38.0,17,0.0,none
2026-10-06 23:00:00,partly_clear,28,Partly clear,25.5,0.1,NNE,31.0,28,0.0,none
2026-10-07 04:00:00,overcast,7,Overcast,24.2,0.8,NE,55.0,98,0.0,none
2026-10-07 08:00:00,mostly_cloudy,5,Mostly cloudy,25.5,0.9,NE,55.0,72,0.0,none
2026-10-07 09:00:00,partly_sunny,4,Partly sunny,27.2,0.8,SSE,162.0,54,0.0,none
2026-10-07 10:00:00,mostly_cloudy,5,Mostly cloudy,29.2,0.8,SSW,200.0,76,0.0,none
2026-10-07 15:00:00,mostly_cloudy,5,Mostly cloudy,32.5,3.3,SSW,208.0,77,0.0,none
2026-10-07 21:00:00,mostly_clear,27,Mostly clear,26.0,0.5,N,0.0,15,0.0,none
2026-10-07 22:00:00,partly_clear,28,Partly clear,25.8,0.5,N,354.0,22,0.0,none
2026-10-08 03:00:00,mostly_cloudy,29,Mostly cloudy,24.5,0.9,NE,42.0,78,0.0,none
2026-10-08 08:00:00,partly_sunny,4,Partly sunny,25.2,0.6,NE,37.0,55,0.0,none
2026-10-08 09:00:00,partly_sunny,4,Partly sunny,27.0,0.2,W,268.0,45,0.0,none
2026-10-08 10:00:00,partly_sunny,4,Partly sunny,29.5,0.9,SW,231.0,62,0.0,none
